{"cameraMode":{"drawMode":0,"name":"Shaded","section":"Shading Mode"},"sceneLighting":false,"audioPlay":false,"sceneViewState":{"m_AlwaysRefresh":false,"showFog":true,"showSkybox":false,"showFlares":true,"showImageEffects":true,"showParticleSystems":true,"showVisualEffectGraphs":true,"m_FxEnabled":true},"in2DMode":false,"pivot":{"x":-0.3728865087032318,"y":0.093407042324543,"z":-0.03795507550239563},"rotation":{"x":0.025590823963284494,"y":-0.9457904696464539,"z":0.31482166051864626,"w":0.07774221152067185},"size":1.226488709449768,"orthographic":false}