{"cameraMode":{"drawMode":0,"name":"Shaded","section":"Shading Mode"},"sceneLighting":false,"audioPlay":false,"sceneViewState":{"m_AlwaysRefresh":false,"showFog":true,"showSkybox":false,"showFlares":true,"showImageEffects":true,"showParticleSystems":true,"showVisualEffectGraphs":true,"m_FxEnabled":true},"in2DMode":false,"pivot":{"x":0.019923806190490724,"y":5.974437713623047,"z":0.9758493900299072},"rotation":{"x":0.1315133422613144,"y":0.012889153324067593,"z":-0.0016883861972019077,"w":0.9913051724433899},"size":8.831120491027832,"orthographic":true}